<application>
  <component name="FileTypeManager" version="17">
    <extensionMap>
      <mapping ext="klib" type="ARCHIVE" />
      <mapping pattern=".env" type="PLAIN_TEXT" />
      <mapping pattern="job" type="PLAIN_TEXT" />
      <mapping pattern=".dockerignore" type="PLAIN_TEXT" />
      <mapping pattern=".env-example" type="PLAIN_TEXT" />
      <mapping ext="sqlite-journal" type="PLAIN_TEXT" />
      <mapping ext="jenkins" type="PLAIN_TEXT" />
    </extensionMap>
  </component>
</application>