<application>
  <component name="NodeJsLocalInterpreters">
    <local-interpreter path="/usr/local/bin/node">
      <version-cache version="10.15.0" last-modified="1545802846000" />
    </local-interpreter>
  </component>
  <component name="PropertiesComponent">
    <property name="ColorChooser.RecentColors" value="125-191-67-255,,,170-170-187-255,,,167-167-167-255,,,122-122-122-255,,,144-144-144-255,,,182-182-182-255,,,197-197-197-255" />
    <property name="CommitChangeListDialog.DETAILS_SPLITTER_PROPORTION_2" value="0.6328928" />
    <property name="Copy.OpenInEditor" value="true" />
    <property name="Darcula.SavedEditorTheme" value="_@user_Darcula" />
    <property name="Default.SavedEditorTheme" value="_@user_Default" />
    <property name="ExpandBeforeRunStepsPanel" value="true" />
    <property name="ExpandRunDashboardTypesPanel" value="false" />
    <property name="FileTemplates.SelectedTemplate" value="HTML File" />
    <property name="InstalledPluginsSearchHistory" value="go" />
    <property name="JSHintOptionsTreeView.TREE_SCROLL_BAR_HORIZONTAL" value="18" />
    <property name="JSHintOptionsTreeView.TREE_SCROLL_BAR_VERTICAL" value="0" />
    <property name="JSHintOptionsTreeView.TREE_SELECTED_NODE_ID" value="1" />
    <property name="JUnitSupport.hidePassedTests" value="false" />
    <property name="KEYMAP" value="project view&#10;Add selec&#10;move line up&#10;Y&#10;command" />
    <property name="MavenModuleWizard.inheritGroupId" value="true" />
    <property name="MavenModuleWizard.inheritVersion" value="true" />
    <property name="MemberChooser.copyJavadoc" value="false" />
    <property name="MemberChooser.showClasses" value="true" />
    <property name="PluginConfigurable.selectionTab" value="1" />
    <property name="SettingsSearchHistory" value="keymap&#10;keyma" />
    <property name="SqlStructureView.filterD.file.structure.state" value="true" />
    <property name="TrendingPluginsSearchHistory" value="eslint&#10;go&#10;git diff&#10;diff&#10;python" />
    <property name="build.toolwindow.Sync.selection.state" value="com.intellij.build.BuildTreeConsoleView" />
    <property name="com.intellij.openapi.roots.ui.configuration.TabbedModuleEditor.selectedEditor" value="Dependencies" />
    <property name="create.project.preferred.importer" value="Existing Sources" />
    <property name="decompiler.legal.notice.accepted" value="true" />
    <property name="defaultJdkConfigured" value="true" />
    <property name="evlsprt3.183" value="12" />
    <property name="file.gist.reindex.count" value="170286" />
    <property name="fileTypeChangedCounter" value="9" />
    <property name="go.last.update.timestamp" value="1548541441529" />
    <property name="installed.kotlin.plugin.version" value="1.3.11-release-IJ2018.3-1" />
    <property name="jdk.selected.JAVA_MODULE" value="1.8.0_201" />
    <property name="jdk.selected.PYTHON_MODULE" value="Python 3.7" />
    <property name="js.rename.search.for.text.occurrences" value="false" />
    <property name="js.rename.search.in.comments" value="true" />
    <property name="kotlin.lastUpdateCheck" value="1548377254774" />
    <property name="last.imported.location" value="$USER_HOME$/Desktop/Courses/SOEN 490/AppointmentScheduler/server/cron" />
    <property name="lastTip" value="2" />
    <property name="project.wizard.group" value="PYTHON_MODULE" />
    <property name="project.wizard.template" value="React App" />
    <property name="python.app.engine.sdk.path" value="" />
    <property name="settings.code.style.selected.tab.HTML" value="Tabs and Indents" />
    <property name="settings.code.style.selected.tab.JavaScript" value="Punctuation" />
    <property name="settings.code.style.selected.tab.TypeScript" value="Punctuation" />
    <property name="ts.lib.d.ts.version" value="3.2.1" />
  </component>
  <component name="PyTestFrameworkService">
    <option name="SDK_TO_PYTEST">
      <map>
        <entry key="/usr/local/bin/python3.7" value="false" />
      </map>
    </option>
  </component>
</application>